,employeeId,firstName,lastName,email
158,1a2a3a4c,Thomas,Martinez,Thomas.Martinez@sailpointdemo.com
159,1a2a3a4d,Dorothy,Robinson,Dorothy.Robinson@sailpointdemo.com
160,1a2a3b4c,Nancy,Lee,Nancy.Lee@sailpointdemo.com
161,1a2a3b4d,Paul,Walker,Paul.Walker@sailpointdemo.com
162,1a2a3c4c,Donald,Hernandez,Donald.Hernandez@sailpointdemo.com
163,1a2a3c4d,Helen,King,Helen.King@sailpointdemo.com
164,1a2a3d4c,Donna,Scott,Donna.Scott@sailpointdemo.com
165,1a2a3d4d,Steven,Green,Steven.Green@sailpointdemo.com
166,1a2b3a4c,Brian,Nelson,Brian.Nelson@sailpointdemo.com
167,1a2b3a4d,Sharon,Carter,Sharon.Carter@sailpointdemo.com
168,1a2b3b4c,Laura,Turner,Laura.Turner@sailpointdemo.com
169,1a2b3b4d,Kevin,Phillips,Kevin.Phillips@sailpointdemo.com
170,1a2b3c4c,Matthew,Edwards,Matthew.Edwards@sailpointdemo.com
171,1a2b3c4d,Deborah,Collins,Deborah.Collins@sailpointdemo.com
172,1a2b3d4c,Shirley,Rogers,Shirley.Rogers@sailpointdemo.com
173,1a2b3d4d,Jose,Reed,Jose.Reed@sailpointdemo.com
174,1a2c3a4c,Jeffrey,Murphy,Jeffrey.Murphy@sailpointdemo.com
175,1a2c3a4d,Melissa,Bailey,Melissa.Bailey@sailpointdemo.com
176,1a2c3b4c,Amy,Cox,Amy.Cox@sailpointdemo.com
177,1a2c3b4d,Eric,Howard,Eric.Howard@sailpointdemo.com
178,1a2c3c4c,Andrew,Gray,Andrew.Gray@sailpointdemo.com
179,1a2c3c4d,Virginia,Ramirez,Virginia.Ramirez@sailpointdemo.com
180,1a2c3d4c,Pamela,Kelly,Pamela.Kelly@sailpointdemo.com
181,1a2c3d4d,Joshua,Sanders,Joshua.Sanders@sailpointdemo.com
182,1b2a3a4c,Arthur,Bryant,Arthur.Bryant@sailpointdemo.com
183,1b2a3a4d,Ann,Alexander,Ann.Alexander@sailpointdemo.com
184,1b2a3b4c,Diane,Hayes,Diane.Hayes@sailpointdemo.com
185,1b2a3b4d,Joe,Myers,Joe.Myers@sailpointdemo.com
186,1b2a3c4c,Jack,Sullivan,Jack.Sullivan@sailpointdemo.com
187,1b2a3c4d,Heather,Wallace,Heather.Wallace@sailpointdemo.com
188,1b2a3d4c,Doris,Jordan,Doris.Jordan@sailpointdemo.com
189,1b2a3d4d,Justin,Owens,Justin.Owens@sailpointdemo.com
190,1b2b3a4c,Gerald,Harrison,Gerald.Harrison@sailpointdemo.com
191,1b2b3a4d,Jean,Gibson,Jean.Gibson@sailpointdemo.com
192,1b2b3b4c,Mildred,Ortiz,Mildred.Ortiz@sailpointdemo.com
193,1b2b3b4d,Willie,Gomez,Willie.Gomez@sailpointdemo.com
194,1b2b3c4c,Lawrence,Webb,Lawrence.Webb@sailpointdemo.com
195,1b2b3c4d,Ashley,Simpson,Ashley.Simpson@sailpointdemo.com
196,1b2b3d4c,Rose,Hunter,Rose.Hunter@sailpointdemo.com
197,1b2b3d4d,Benjamin,Hicks,Benjamin.Hicks@sailpointdemo.com
198,1b2c3a4c,Brandon,Mason,Brandon.Mason@sailpointdemo.com
199,1b2c3a4d,Nicole,Morales,Nicole.Morales@sailpointdemo.com
200,1b2c3b4c,Christina,Ramos,Christina.Ramos@sailpointdemo.com
201,1b2c3b4d,Fred,Reyes,Fred.Reyes@sailpointdemo.com
202,1b2c3c4c,Billy,Holmes,Billy.Holmes@sailpointdemo.com
203,1b2c3c4d,Beverly,Rice,Beverly.Rice@sailpointdemo.com
204,1b2c3d4c,Tammy,Daniels,Tammy.Daniels@sailpointdemo.com
205,1b2c3d4d,Jeremy,Palmer,Jeremy.Palmer@sailpointdemo.com
206,1c2a3a4c,Ernest,Wagner,Ernest.Wagner@sailpointdemo.com
207,1c2a3a4d,Jacqueline,Willis,Jacqueline.Willis@sailpointdemo.com
208,1c2a3b4c,Bonnie,Carroll,Bonnie.Carroll@sailpointdemo.com
209,1c2a3b4d,Jesse,Duncan,Jesse.Duncan@sailpointdemo.com
210,1c2a3c4c,Alan,Bradley,Alan.Bradley@sailpointdemo.com
211,1c2a3c4d,Lois,Lane,Lois.Lane@sailpointdemo.com
212,1c2a3d4c,Phyllis,Fox,Phyllis.Fox@sailpointdemo.com
213,1c2a3d4d,Sean,Riley,Sean.Riley@sailpointdemo.com
214,1c2b3a4c,Chris,Greene,Chris.Greene@sailpointdemo.com
215,1c2b3a4d,Diana,Lawrence,Diana.Lawrence@sailpointdemo.com
216,1c2b3b4c,Lillian,Austin,Lillian.Austin@sailpointdemo.com
217,1c2b3b4d,Jimmy,Peters,Jimmy.Peters@sailpointdemo.com
218,1c2b3c4c,Danny,Fields,Danny.Fields@sailpointdemo.com
219,1c2b3c4d,Peggy,Gutierrez,Peggy.Gutierrez@sailpointdemo.com
220,1c2b3d4c,Gladys,Vasquez,Gladys.Vasquez@sailpointdemo.com
221,1c2b3d4d,Luis,Castillo,Luis.Castillo@sailpointdemo.com
222,1c2c3a4c,Stanley,Montgomery,Stanley.Montgomery@sailpointdemo.com
223,1c2c3a4d,Connie,Richards,Connie.Richards@sailpointdemo.com
224,1c2c3b4c,Tracy,Meyer,Tracy.Meyer@sailpointdemo.com
225,1c2c3b4d,Dale,Bishop,Dale.Bishop@sailpointdemo.com
226,1c2c3c4c,Rodney,Morrison,Rodney.Morrison@sailpointdemo.com
227,1c2c3c4d,Carmen,Hansen,Carmen.Hansen@sailpointdemo.com
228,1c2c3d4c,Cindy,Little,Cindy.Little@sailpointdemo.com
229,1c2c3d4d,Allen,Burton,Allen.Burton@sailpointdemo.com
